<?xml version="1.0" encoding="UTF-8"?>
<project-private xmlns="http://www.netbeans.org/ns/project-private/1">
    <editor-bookmarks xmlns="http://www.netbeans.org/ns/editor-bookmarks/2" lastBookmarkId="0"/>
    <open-files xmlns="http://www.netbeans.org/ns/projectui-open-files/2">
        <group>
            <file>file:/C:/Users/Admin/Documents/Semestre%202021-1/POO/IA/chis/src/chis/Covid.java</file>
            <file>file:/C:/Users/Admin/Documents/Semestre%202021-1/POO/IA/chis/src/chis/Saludos.java</file>
            <file>file:/C:/Users/Admin/Documents/Semestre%202021-1/POO/IA/chis/src/chis/Funcionalidad_Bixa.java</file>
            <file>file:/C:/Users/Admin/Documents/Semestre%202021-1/POO/IA/chis/src/chis/Datos.java</file>
            <file>file:/C:/Users/Admin/Documents/Semestre%202021-1/POO/IA/chis/src/chis/Principal.java</file>
            <file>file:/C:/Users/Admin/Documents/Semestre%202021-1/POO/IA/chis/src/chis/Prueba.java</file>
            <file>file:/C:/Users/Admin/Documents/Semestre%202021-1/POO/IA/chis/src/chis/Chis.java</file>
            <file>file:/C:/Users/Admin/Documents/Semestre%202021-1/POO/IA/chis/src/chis/Keywords.java</file>
        </group>
    </open-files>
</project-private>
